,Perc_Var_Explained,Name_of_Compnent
0,0.5306304428899887,PC1
1,0.17273971419722187,PC2
2,0.07126608854097388,PC3
3,0.06420565391408879,PC4
4,0.04093285601309196,PC5
5,0.030771468053324313,PC6
6,0.015822167647415432,PC7
7,0.0119371970795351,PC8
8,0.009895157736291404,PC9
